"","PMID","DayAccepted","MonthAccepted","YearAccepted","DayReceived","MonthReceived","YearReceived","Journal","PublicationStatus","Country","Language","YMD_Accepted","YMD_Received"
"1","32276044",30,3,2020,22,3,2020,"International journal of infectious diseases : IJID : official publication of the International Society for Infectious Diseases","aheadofprint","Canada","eng",2020-03-30,2020-03-22
"2","32275925",18,3,2020,16,3,2020,"The Journal of infection","aheadofprint","England","eng",2020-03-18,2020-03-16
"3","32275870",30,3,2020,27,3,2020,"The Lancet. Infectious diseases","aheadofprint","United States","eng",2020-03-30,2020-03-27
"4","32275869",1,4,2020,12,3,2020,"The Lancet. Infectious diseases","aheadofprint","United States","eng",2020-04-01,2020-03-12
"5","32275868",25,3,2020,21,3,2020,"The Lancet. Infectious diseases","aheadofprint","United States","eng",2020-03-25,2020-03-21
"6","32275858",1,4,2020,26,3,2020,"The Lancet. Public health","aheadofprint","England","eng",2020-04-01,2020-03-26
"7","32275857",6,4,2020,1,4,2020,"The Lancet. Public health","aheadofprint","England","eng",2020-04-06,2020-04-01
"8","32275856",30,3,2020,28,3,2020,"The Lancet. Respiratory medicine","aheadofprint","England","eng",2020-03-30,2020-03-28
"9","32275090",NA,NA,NA,NA,NA,NA,"Journal of medical virology","aheadofprint","United States","eng",NA,NA
"10","32275082",NA,NA,NA,NA,NA,NA,"Journal of medical virology","aheadofprint","United States","eng",NA,NA
"11","32275081",NA,NA,NA,NA,NA,NA,"Journal of medical virology","aheadofprint","United States","eng",NA,NA
"12","32275079",NA,NA,NA,NA,NA,NA,"Journal of medical virology","aheadofprint","United States","eng",NA,NA
"13","32275075",NA,NA,NA,NA,NA,NA,"Journal of medical virology","aheadofprint","United States","eng",NA,NA
"14","32275074",NA,NA,NA,NA,NA,NA,"Journal of medical virology","aheadofprint","United States","eng",NA,NA
"15","32275073",NA,NA,NA,NA,NA,NA,"Journal of medical virology","aheadofprint","United States","eng",NA,NA
"16","32275072",NA,NA,NA,NA,NA,NA,"Journal of medical virology","aheadofprint","United States","eng",NA,NA
"17","32272262",1,4,2020,26,2,2020,"International journal of infectious diseases : IJID : official publication of the International Society for Infectious Diseases","aheadofprint","Canada","eng",2020-04-01,2020-02-26
"18","32272199",27,3,2020,17,3,2020,"Travel medicine and infectious disease","aheadofprint","Netherlands","eng",2020-03-27,2020-03-17
"19","32272198",2,4,2020,28,3,2020,"Travel medicine and infectious disease","aheadofprint","Netherlands","eng",2020-04-02,2020-03-28
"20","32272197",30,3,2020,25,3,2020,"Travel medicine and infectious disease","aheadofprint","Netherlands","eng",2020-03-30,2020-03-25
"21","32272120",17,3,2020,16,3,2020,"The Journal of infection","aheadofprint","England","eng",2020-03-17,2020-03-16
"22","32272085",30,3,2020,25,3,2020,"The Lancet. Public health","aheadofprint","England","eng",2020-03-30,2020-03-25
"23","32272081",30,3,2020,30,3,2020,"The Lancet. Respiratory medicine","aheadofprint","England","eng",2020-03-30,2020-03-30
"24","32272080",23,3,2020,8,3,2020,"The Lancet. Respiratory medicine","aheadofprint","England","eng",2020-03-23,2020-03-08
"25","32270884",NA,NA,NA,NA,NA,NA,"Journal of medical virology","aheadofprint","United States","eng",NA,NA
"26","32270882",NA,NA,NA,NA,NA,NA,"Journal of medical virology","aheadofprint","United States","eng",NA,NA
"27","32270521",NA,NA,NA,NA,NA,NA,"Journal of medical virology","aheadofprint","United States","eng",NA,NA
"28","32270515",NA,NA,NA,NA,NA,NA,"Journal of medical virology","aheadofprint","United States","eng",NA,NA
"29","32270500",NA,NA,NA,NA,NA,NA,"Journal of medical virology","aheadofprint","United States","eng",NA,NA
"30","32270498",NA,NA,NA,NA,NA,NA,"Journal of medical virology","aheadofprint","United States","eng",NA,NA
"31","32268196",30,3,2020,24,3,2020,"Travel medicine and infectious disease","aheadofprint","Netherlands","eng",2020-03-30,2020-03-24
"32","32268195",27,3,2020,12,3,2020,"Travel medicine and infectious disease","aheadofprint","Netherlands","eng",2020-03-27,2020-03-12
"33","32268181",14,3,2020,12,3,2020,"The Journal of infection","aheadofprint","England","eng",2020-03-14,2020-03-12
"34","32268168",30,3,2020,28,3,2020,"Journal of the American Academy of Dermatology","aheadofprint","United States","eng",2020-03-30,2020-03-28
"35","32267002",NA,NA,NA,NA,NA,NA,"Journal of medical virology","aheadofprint","United States","eng",NA,NA
"36","32267000",NA,NA,NA,NA,NA,NA,"Journal of medical virology","aheadofprint","United States","eng",NA,NA
"37","32266995",NA,NA,NA,NA,NA,NA,"Journal of medical virology","aheadofprint","United States","eng",NA,NA
"38","32266994",NA,NA,NA,NA,NA,NA,"Journal of medical virology","aheadofprint","United States","eng",NA,NA
"39","32266993",NA,NA,NA,NA,NA,NA,"Journal of medical virology","aheadofprint","United States","eng",NA,NA
"40","32266990",NA,NA,NA,NA,NA,NA,"Journal of medical virology","aheadofprint","United States","eng",NA,NA
"41","32265180",22,3,2020,20,3,2020,"Journal of microbiology, immunology, and infection = Wei mian yu gan ran za zhi","aheadofprint","England","eng",2020-03-22,2020-03-20
"42","32259576",31,3,2020,29,3,2020,"International journal of antimicrobial agents","aheadofprint","Netherlands","eng",2020-03-31,2020-03-29
"43","32259575",26,3,2020,18,3,2020,"International journal of antimicrobial agents","aheadofprint","Netherlands","eng",2020-03-26,2020-03-18
"44","32259547",30,3,2020,26,3,2020,"The Journal of hospital infection","aheadofprint","England","eng",2020-03-30,2020-03-26
"45","32259546",27,3,2020,11,3,2020,"The Journal of hospital infection","aheadofprint","England","eng",2020-03-27,2020-03-11
"46","32259536",27,3,2020,25,3,2020,"Journal of the American Academy of Dermatology","aheadofprint","United States","eng",2020-03-27,2020-03-25
"47","32253759",NA,NA,NA,NA,NA,NA,"Journal of medical virology","aheadofprint","United States","eng",NA,NA
"48","32253143",24,3,2020,21,3,2020,"Journal of microbiology, immunology, and infection = Wei mian yu gan ran za zhi","aheadofprint","England","eng",2020-03-24,2020-03-21
"49","32251805",24,3,2020,9,3,2020,"International journal of infectious diseases : IJID : official publication of the International Society for Infectious Diseases","aheadofprint","Canada","eng",2020-03-24,2020-03-09
"50","32251798",24,3,2020,17,3,2020,"International journal of infectious diseases : IJID : official publication of the International Society for Infectious Diseases","aheadofprint","Canada","eng",2020-03-24,2020-03-17
"51","32251796",17,3,2020,28,2,2020,"International journal of infectious diseases : IJID : official publication of the International Society for Infectious Diseases","aheadofprint","Canada","eng",2020-03-17,2020-02-28
"52","32251794",25,3,2020,18,3,2020,"International journal of infectious diseases : IJID : official publication of the International Society for Infectious Diseases","aheadofprint","Canada","eng",2020-03-25,2020-03-18
"53","32251791",25,3,2020,18,3,2020,"International journal of infectious diseases : IJID : official publication of the International Society for Infectious Diseases","aheadofprint","Canada","eng",2020-03-25,2020-03-18
"54","32251790",24,3,2020,17,3,2020,"International journal of infectious diseases : IJID : official publication of the International Society for Infectious Diseases","aheadofprint","Canada","eng",2020-03-24,2020-03-17
"55","32251789",27,3,2020,25,2,2020,"International journal of infectious diseases : IJID : official publication of the International Society for Infectious Diseases","aheadofprint","Canada","eng",2020-03-27,2020-02-25
"56","32251732",29,3,2020,12,3,2020,"International journal of antimicrobial agents","aheadofprint","Netherlands","eng",2020-03-29,2020-03-12
"57","32251731",21,3,2020,16,3,2020,"International journal of antimicrobial agents","aheadofprint","Netherlands","eng",2020-03-21,2020-03-16
"58","32251688",28,3,2020,23,3,2020,"The Journal of infection","aheadofprint","England","eng",2020-03-28,2020-03-23
"59","32251639",27,3,2020,27,3,2020,"The Lancet. Infectious diseases","aheadofprint","United States","eng",2020-03-27,2020-03-27
"60","32251638",26,3,2020,19,3,2020,"The Lancet. Infectious diseases","aheadofprint","United States","eng",2020-03-26,2020-03-19
"61","32251637",25,3,2020,25,3,2020,"The Lancet. Infectious diseases","aheadofprint","United States","eng",2020-03-25,2020-03-25
"62","32251626",30,3,2020,10,3,2020,"The Lancet. Public health","aheadofprint","England","eng",2020-03-30,2020-03-10
"63","32251625",31,3,2020,30,3,2020,"The Lancet. Respiratory medicine","aheadofprint","England","eng",2020-03-31,2020-03-30
"64","32251619",1,4,2020,31,3,2020,"Lancet (London, England)","aheadofprint","England","eng",2020-04-01,2020-03-31
"65","32249956",NA,NA,NA,NA,NA,NA,"Journal of medical virology","aheadofprint","United States","eng",NA,NA
"66","32249952",NA,NA,NA,NA,NA,NA,"Journal of medical virology","aheadofprint","United States","eng",NA,NA
"67","32249944",NA,NA,NA,NA,NA,NA,"Journal of medical virology","aheadofprint","United States","eng",NA,NA
"68","32249943",NA,NA,NA,NA,NA,NA,"Journal of medical virology","aheadofprint","United States","eng",NA,NA
"69","32249185",15,3,2020,12,3,2020,"Journal of microbiology, immunology, and infection = Wei mian yu gan ran za zhi","aheadofprint","England","eng",2020-03-15,2020-03-12
"70","32249184",18,3,2020,9,3,2020,"Journal of microbiology, immunology, and infection = Wei mian yu gan ran za zhi","aheadofprint","England","eng",2020-03-18,2020-03-09
"71","32248565",21,3,2020,19,3,2020,"Journal of medical virology","aheadofprint","United States","eng",2020-03-21,2020-03-19
"72","32247931",1,4,2020,9,3,2020,"Travel medicine and infectious disease","aheadofprint","Netherlands","eng",2020-04-01,2020-03-09
"73","32247928",27,3,2020,25,3,2020,"Travel medicine and infectious disease","aheadofprint","Netherlands","eng",2020-03-27,2020-03-25
"74","32247927",26,3,2020,5,3,2020,"Travel medicine and infectious disease","aheadofprint","Netherlands","eng",2020-03-26,2020-03-05
"75","32247926",27,3,2020,22,3,2020,"Travel medicine and infectious disease","aheadofprint","Netherlands","eng",2020-03-27,2020-03-22
"76","32247925",31,3,2020,31,3,2020,"Travel medicine and infectious disease","aheadofprint","Netherlands","eng",2020-03-31,2020-03-31
"77","32247826",18,3,2020,25,2,2020,"International journal of infectious diseases : IJID : official publication of the International Society for Infectious Diseases","aheadofprint","Canada","eng",2020-03-18,2020-02-25
"78","32247384",NA,NA,NA,NA,NA,NA,"Lancet (London, England)","ppublish","England","eng",NA,NA
"79","32247383",30,3,2020,30,3,2020,"Lancet (London, England)","ppublish","England","eng",2020-03-30,2020-03-30
"80","32247382",17,3,2020,17,3,2020,"Lancet (London, England)","ppublish","England","eng",2020-03-17,2020-03-17
"81","32247381",18,3,2020,18,3,2020,"Lancet (London, England)","ppublish","England","eng",2020-03-18,2020-03-18
"82","32247379",NA,NA,NA,NA,NA,NA,"Lancet (London, England)","ppublish","England","eng",NA,NA
"83","32247378",NA,NA,NA,NA,NA,NA,"Lancet (London, England)","ppublish","England","eng",NA,NA
"84","32247329",30,3,2020,24,3,2020,"The Lancet. Public health","aheadofprint","England","eng",2020-03-30,2020-03-24
"85","32247328",26,3,2020,24,3,2020,"The Lancet. Public health","aheadofprint","England","eng",2020-03-26,2020-03-24
"86","32247326",13,3,2020,21,2,2020,"The Lancet. Infectious diseases","aheadofprint","United States","eng",2020-03-13,2020-02-21
"87","32247325",24,3,2020,18,3,2020,"The Lancet. Respiratory medicine","aheadofprint","England","eng",2020-03-24,2020-03-18
"88","32247324",31,3,2020,31,3,2020,"Lancet (London, England)","aheadofprint","England","eng",2020-03-31,2020-03-31
"89","32247323",20,3,2020,19,3,2020,"Lancet (London, England)","aheadofprint","England","eng",2020-03-20,2020-03-19
"90","32247322",30,3,2020,14,3,2020,"Lancet (London, England)","aheadofprint","England","eng",2020-03-30,2020-03-14
"91","32247320",18,3,2020,2,3,2020,"Lancet (London, England)","aheadofprint","England","eng",2020-03-18,2020-03-02
"92","32247050",24,3,2020,8,3,2020,"International journal of infectious diseases : IJID : official publication of the International Society for Infectious Diseases","aheadofprint","Canada","eng",2020-03-24,2020-03-08
"93","32247017",20,3,2020,15,3,2020,"Travel medicine and infectious disease","aheadofprint","Netherlands","eng",2020-03-20,2020-03-15
"94","32247016",25,3,2020,24,3,2020,"Travel medicine and infectious disease","aheadofprint","Netherlands","eng",2020-03-25,2020-03-24
"95","32246972",25,3,2020,23,3,2020,"Journal of the American Academy of Dermatology","aheadofprint","United States","eng",2020-03-25,2020-03-23
"96","32246969",24,3,2020,20,3,2020,"Journal of the American Academy of Dermatology","aheadofprint","United States","eng",2020-03-24,2020-03-20
"97","32246966",25,3,2020,20,3,2020,"Journal of the American Academy of Dermatology","aheadofprint","United States","eng",2020-03-25,2020-03-20
"98","32246915",30,3,2020,28,3,2020,"Lancet (London, England)","aheadofprint","England","eng",2020-03-30,2020-03-28
"99","32246914",30,3,2020,23,3,2020,"Lancet (London, England)","aheadofprint","England","eng",2020-03-30,2020-03-23
"100","32246906",23,3,2020,22,3,2020,"The Lancet. Infectious diseases","aheadofprint","United States","eng",2020-03-23,2020-03-22
"101","32246905",13,3,2020,18,2,2020,"The Lancet. Infectious diseases","aheadofprint","United States","eng",2020-03-13,2020-02-18
"102","32246904",NA,NA,NA,NA,NA,NA,"The Lancet. Respiratory medicine","aheadofprint","England","eng",NA,NA
"103","32246784",1,4,2020,19,3,2020,"Journal of medical virology","aheadofprint","United States","eng",2020-04-01,2020-03-19
"104","32246783",31,3,2020,26,3,2020,"Journal of medical virology","aheadofprint","United States","eng",2020-03-31,2020-03-26
"105","32246782",NA,NA,NA,NA,NA,NA,"Journal of medical virology","aheadofprint","United States","eng",NA,NA
"106","32246503",31,3,2020,19,3,2020,"Journal of medical virology","aheadofprint","United States","eng",2020-03-31,2020-03-19
"107","32244852",18,3,2020,17,3,2020,"Journal of clinical medicine","epublish","Switzerland","eng",2020-03-18,2020-03-17
"108","32244779",28,3,2020,28,2,2020,"Journal of clinical medicine","epublish","Switzerland","eng",2020-03-28,2020-02-28
"109","32244415",27,3,2020,12,3,2020,"Journal of clinical medicine","epublish","Switzerland","eng",2020-03-27,2020-03-12
"110","32244365",27,3,2020,18,3,2020,"Journal of clinical medicine","epublish","Switzerland","eng",2020-03-27,2020-03-18
"111","32244021",23,3,2020,20,3,2020,"Journal of the American Academy of Dermatology","aheadofprint","United States","eng",2020-03-23,2020-03-20
"112","32244017",23,3,2020,21,3,2020,"Journal of the American Academy of Dermatology","aheadofprint","United States","eng",2020-03-23,2020-03-21
"113","32243950",23,3,2020,21,3,2020,"The Journal of hospital infection","aheadofprint","England","eng",2020-03-23,2020-03-21
"114","32243949",26,3,2020,17,3,2020,"The Journal of hospital infection","aheadofprint","England","eng",2020-03-26,2020-03-17
"115","32243947",26,3,2020,16,3,2020,"The Journal of hospital infection","aheadofprint","England","eng",2020-03-26,2020-03-16
"116","32243818",19,3,2020,18,3,2020,"The Lancet. Infectious diseases","aheadofprint","United States","eng",2020-03-19,2020-03-18
"117","32243815",19,3,2020,18,3,2020,"The Lancet. Infectious diseases","aheadofprint","United States","eng",2020-03-19,2020-03-18
"118","32243814",17,3,2020,15,3,2020,"The Lancet. Infectious diseases","aheadofprint","United States","eng",2020-03-17,2020-03-15
"119","32243813",20,3,2020,19,3,2020,"The Lancet. Infectious diseases","aheadofprint","United States","eng",2020-03-20,2020-03-19
"120","32243779",NA,NA,NA,NA,NA,NA,"Lancet (London, England)","aheadofprint","England","eng",NA,NA
"121","32243778",26,3,2020,24,3,2020,"Lancet (London, England)","aheadofprint","England","eng",2020-03-26,2020-03-24
"122","32243777",27,3,2020,25,3,2020,"Lancet (London, England)","aheadofprint","England","eng",2020-03-27,2020-03-25
"123","32243776",26,3,2020,23,3,2020,"The Lancet. Public health","aheadofprint","England","eng",2020-03-26,2020-03-23
"124","32243775",26,3,2020,25,3,2020,"The Lancet. Public health","aheadofprint","England","eng",2020-03-26,2020-03-25
"125","32243608",30,3,2020,25,3,2020,"Journal of medical virology","aheadofprint","United States","eng",2020-03-30,2020-03-25
"126","32243607",NA,NA,NA,NA,NA,NA,"Journal of medical virology","aheadofprint","United States","eng",NA,NA
"127","32243599",NA,NA,NA,NA,NA,NA,"Journal of medical virology","aheadofprint","United States","eng",NA,NA
"128","32243596",31,3,2020,22,3,2020,"Journal of medical virology","aheadofprint","United States","eng",2020-03-31,2020-03-22
"129","32243592",31,3,2020,20,3,2020,"Journal of medical virology","aheadofprint","United States","eng",2020-03-31,2020-03-20
"130","32242950",30,3,2020,28,3,2020,"Journal of medical virology","aheadofprint","United States","eng",2020-03-30,2020-03-28
"131","32242948",31,3,2020,26,3,2020,"Journal of medical virology","aheadofprint","United States","eng",2020-03-31,2020-03-26
"132","32242947",30,3,2020,11,3,2020,"Journal of medical virology","aheadofprint","United States","eng",2020-03-30,2020-03-11
"133","32242946",30,3,2020,24,3,2020,"Journal of medical virology","aheadofprint","United States","eng",2020-03-30,2020-03-24
"134","32242350",1,4,2020,31,3,2020,"Journal of Korean medical science","epublish","Korea (South)","eng",2020-04-01,2020-03-31
"135","32242349",30,3,2020,23,3,2020,"Journal of Korean medical science","epublish","Korea","eng",2020-03-30,2020-03-23
"136","32242348",27,3,2020,12,3,2020,"Journal of Korean medical science","epublish","Korea","eng",2020-03-27,2020-03-12
"137","32242347",27,3,2020,20,3,2020,"Journal of Korean medical science","epublish","Korea (South)","eng",2020-03-27,2020-03-20
"138","32240670",15,3,2020,11,3,2020,"The Journal of infection","aheadofprint","England","eng",2020-03-15,2020-03-11
"139","32240634",20,3,2020,10,3,2020,"The Lancet. Infectious diseases","aheadofprint","United States","eng",2020-03-20,2020-03-10
"140","32240625",25,3,2020,16,3,2020,"Lancet (London, England)","aheadofprint","England","eng",2020-03-25,2020-03-16
"141","32239736",30,3,2020,25,3,2020,"Journal of medical virology","aheadofprint","United States","eng",2020-03-30,2020-03-25
"142","32239522",30,3,2020,5,3,2020,"Journal of medical virology","aheadofprint","United States","eng",2020-03-30,2020-03-05
"143","32239515",30,3,2020,21,3,2020,"Journal of medical virology","aheadofprint","United States","eng",2020-03-30,2020-03-21
"144","32239514",NA,NA,NA,NA,NA,NA,"Journal of medical virology","aheadofprint","United States","eng",NA,NA
"145","32239511",30,3,2020,23,3,2020,"Journal of medical virology","aheadofprint","United States","eng",2020-03-30,2020-03-23
"146","32237161",29,3,2020,18,3,2020,"Journal of medical virology","aheadofprint","United States","eng",2020-03-29,2020-03-18
"147","32237160",27,3,2020,21,3,2020,"Journal of medical virology","aheadofprint","United States","eng",2020-03-27,2020-03-21
"148","32237148",NA,NA,NA,NA,NA,NA,"Journal of medical virology","aheadofprint","United States","eng",NA,NA
"149","32235486",23,3,2020,5,3,2020,"Journal of clinical medicine","epublish","Switzerland","eng",2020-03-23,2020-03-05
"150","32235480",19,3,2020,16,2,2020,"Journal of clinical medicine","epublish","Switzerland","eng",2020-03-19,2020-02-16
"151","32234468",19,3,2020,27,2,2020,"International journal of antimicrobial agents","aheadofprint","Netherlands","eng",2020-03-19,2020-02-27
"152","32234467",19,3,2020,26,2,2020,"International journal of antimicrobial agents","aheadofprint","Netherlands","eng",2020-03-19,2020-02-26
"153","32234466",19,3,2020,6,3,2020,"International journal of antimicrobial agents","aheadofprint","Netherlands","eng",2020-03-19,2020-03-06
"154","32234465",19,3,2020,12,3,2020,"International journal of antimicrobial agents","aheadofprint","Netherlands","eng",2020-03-19,2020-03-12
"155","32234464",26,3,2020,21,2,2020,"International journal of antimicrobial agents","aheadofprint","Netherlands","eng",2020-03-26,2020-02-21
"156","32234457",26,3,2020,25,3,2020,"Travel medicine and infectious disease","aheadofprint","Netherlands","eng",2020-03-26,2020-03-25
"157","32234343",20,3,2020,13,3,2020,"International journal of infectious diseases : IJID : official publication of the International Society for Infectious Diseases","aheadofprint","Canada","eng",2020-03-20,2020-03-13
"158","32233161",24,3,2020,19,3,2020,"Journal of Korean medical science","epublish","Korea (South)","eng",2020-03-24,2020-03-19
"159","32232986",25,3,2020,22,3,2020,"Journal of medical virology","aheadofprint","United States","eng",2020-03-25,2020-03-22
"160","32232980",NA,NA,NA,NA,NA,NA,"Journal of medical virology","aheadofprint","United States","eng",NA,NA
"161","32232979",NA,NA,NA,NA,NA,NA,"Journal of medical virology","aheadofprint","United States","eng",NA,NA
"162","32232977",NA,NA,NA,NA,NA,NA,"Journal of medical virology","aheadofprint","United States","eng",NA,NA
"163","32232976",NA,NA,NA,NA,NA,NA,"Journal of medical virology","aheadofprint","United States","eng",NA,NA
"164","32229278",22,3,2020,22,3,2020,"Journal of the American Academy of Dermatology","aheadofprint","United States","eng",2020-03-22,2020-03-22
"165","32229257",23,3,2020,19,3,2020,"International journal of infectious diseases : IJID : official publication of the International Society for Infectious Diseases","aheadofprint","Canada","eng",2020-03-23,2020-03-19
"166","32227494",NA,NA,NA,NA,NA,NA,"Journal of medical virology","aheadofprint","United States","eng",NA,NA
"167","32227493",24,3,2020,21,2,2020,"Journal of medical virology","aheadofprint","United States","eng",2020-03-24,2020-02-21
"168","32227490",26,3,2020,24,3,2020,"Journal of medical virology","aheadofprint","United States","eng",2020-03-26,2020-03-24
"169","32227489",26,3,2020,24,3,2020,"Journal of medical virology","aheadofprint","United States","eng",2020-03-26,2020-03-24
"170","32227488",26,3,2020,19,3,2020,"Journal of medical virology","aheadofprint","United States","eng",2020-03-26,2020-03-19
"171","32224313",18,3,2020,11,3,2020,"The Lancet. Infectious diseases","aheadofprint","United States","eng",2020-03-18,2020-03-11
"172","32224310",12,3,2020,24,2,2020,"The Lancet. Infectious diseases","aheadofprint","United States","eng",2020-03-12,2020-02-24
"173","32224308",17,3,2020,17,3,2020,"The Lancet. Infectious diseases","aheadofprint","United States","eng",2020-03-17,2020-03-17
"174","32224304",NA,NA,NA,NA,NA,NA,"The Lancet. Respiratory medicine","aheadofprint","England","eng",NA,NA
"175","32224299",20,3,2020,20,3,2020,"Lancet (London, England)","aheadofprint","England","eng",2020-03-20,2020-03-20
"176","32224296",19,3,2020,19,3,2020,"Lancet (London, England)","aheadofprint","England","eng",2020-03-19,2020-03-19
"177","32224295",24,3,2020,22,3,2020,"The Lancet. Public health","aheadofprint","England","eng",2020-03-24,2020-03-22
"178","32224277",20,3,2020,18,3,2020,"Journal of the American Academy of Dermatology","aheadofprint","United States","eng",2020-03-20,2020-03-18
"179","32224276",20,3,2020,20,3,2020,"Journal of the American Academy of Dermatology","aheadofprint","United States","eng",2020-03-20,2020-03-20
"180","32224117",16,3,2020,14,3,2020,"Journal of microbiology, immunology, and infection = Wei mian yu gan ran za zhi","aheadofprint","England","eng",2020-03-16,2020-03-14
"181","32224116",11,3,2020,7,3,2020,"Journal of microbiology, immunology, and infection = Wei mian yu gan ran za zhi","aheadofprint","England","eng",2020-03-11,2020-03-07
"182","32222995",26,3,2020,13,3,2020,"Journal of medical virology","aheadofprint","United States","eng",2020-03-26,2020-03-13
"183","32222993",24,3,2020,16,3,2020,"Journal of medical virology","aheadofprint","United States","eng",2020-03-24,2020-03-16
"184","32222992",NA,NA,NA,NA,NA,NA,"Journal of medical virology","aheadofprint","United States","eng",NA,NA
"185","32222986",24,3,2020,15,3,2020,"Journal of medical virology","aheadofprint","United States","eng",2020-03-24,2020-03-15
"186","32222421",9,3,2020,6,3,2020,"Travel medicine and infectious disease","aheadofprint","Netherlands","eng",2020-03-09,2020-03-06
"187","32222420",20,3,2020,20,3,2020,"Travel medicine and infectious disease","aheadofprint","Netherlands","eng",2020-03-20,2020-03-20
"188","32222208",NA,NA,NA,NA,NA,NA,"The Lancet. Infectious diseases","ppublish","United States","eng",NA,NA
"189","32222198",28,11,2019,4,11,2019,"Lancet (London, England)","ppublish","England","eng",2019-11-28,2019-11-04
"190","32222191",21,2,2020,17,1,2020,"Lancet (London, England)","ppublish","England","eng",2020-02-21,2020-01-17
"191","32222188",NA,NA,NA,NA,NA,NA,"Lancet (London, England)","ppublish","England","eng",NA,NA
"192","32222187",NA,NA,NA,NA,NA,NA,"Lancet (London, England)","ppublish","England","eng",NA,NA
"193","32222186",23,3,2020,23,3,2020,"Lancet (London, England)","ppublish","England","eng",2020-03-23,2020-03-23
"194","32222181",NA,NA,NA,NA,NA,NA,"Lancet (London, England)","ppublish","England","eng",NA,NA
"195","32222169",23,3,2020,22,3,2020,"The Lancet. Respiratory medicine","aheadofprint","England","eng",2020-03-23,2020-03-22
"196","32222168",20,3,2020,16,3,2020,"The Lancet. Respiratory medicine","aheadofprint","England","eng",2020-03-20,2020-03-16
"197","32222167",20,3,2020,14,3,2020,"The Lancet. Respiratory medicine","aheadofprint","England","eng",2020-03-20,2020-03-14
"198","32222166",20,3,2020,18,3,2020,"The Lancet. Respiratory medicine","aheadofprint","England","eng",2020-03-20,2020-03-18
"199","32222165",NA,NA,NA,NA,NA,NA,"The Lancet. Respiratory medicine","aheadofprint","England","eng",NA,NA
"200","32222164",18,3,2020,12,3,2020,"The Lancet. Infectious diseases","aheadofprint","United States","eng",2020-03-18,2020-03-12
"201","32222163",20,3,2020,19,3,2020,"The Lancet. Infectious diseases","aheadofprint","United States","eng",2020-03-20,2020-03-19
"202","32222162",16,3,2020,7,3,2020,"The Lancet. Infectious diseases","aheadofprint","United States","eng",2020-03-16,2020-03-07
"203","32222159",25,3,2020,24,3,2020,"Lancet (London, England)","aheadofprint","England","eng",2020-03-25,2020-03-24
"204","32222158",19,3,2020,19,3,2020,"Lancet (London, England)","aheadofprint","England","eng",2020-03-19,2020-03-19
"205","32222119",16,3,2020,29,2,2020,"Journal of medical virology","aheadofprint","United States","eng",2020-03-16,2020-02-29
"206","32221983",24,3,2020,12,3,2020,"Journal of medical virology","aheadofprint","United States","eng",2020-03-24,2020-03-12
"207","32220663",16,3,2020,7,3,2020,"The Lancet. Respiratory medicine","aheadofprint","England","eng",2020-03-16,2020-03-07
"208","32220657",24,3,2020,24,3,2020,"Lancet (London, England)","aheadofprint","International","eng",2020-03-24,2020-03-24
"209","32220655",18,3,2020,9,3,2020,"The Lancet. Public health","aheadofprint","England","eng",2020-03-18,2020-03-09
"210","32220654",20,3,2020,20,3,2020,"The Lancet. Public health","aheadofprint","England","eng",2020-03-20,2020-03-20
"211","32220653",20,3,2020,19,3,2020,"The Lancet. Public health","aheadofprint","England","eng",2020-03-20,2020-03-19
"212","32220651",16,3,2020,15,3,2020,"The Lancet. Infectious diseases","aheadofprint","United States","eng",2020-03-16,2020-03-15
"213","32220650",10,3,2020,20,2,2020,"The Lancet. Infectious diseases","aheadofprint","United States","eng",2020-03-10,2020-02-20
"214","32220634",20,3,2020,9,3,2020,"Travel medicine and infectious disease","aheadofprint","Netherlands","eng",2020-03-20,2020-03-09
"215","32220574",10,3,2020,8,3,2020,"Journal of microbiology, immunology, and infection = Wei mian yu gan ran za zhi","aheadofprint","England","eng",2020-03-10,2020-03-08
"216","32220285",9,3,2020,8,3,2020,"The Lancet. Infectious diseases","aheadofprint","United States","eng",2020-03-09,2020-03-08
"217","32220284",4,3,2020,19,2,2020,"The Lancet. Infectious diseases","aheadofprint","United States","eng",2020-03-04,2020-02-19
"218","32220279",18,3,2020,17,3,2020,"Lancet (London, England)","ppublish","England","eng",2020-03-18,2020-03-17
"219","32220278",18,3,2020,17,3,2020,"Lancet (London, England)","ppublish","England","eng",2020-03-18,2020-03-17
"220","32220277",23,3,2020,18,3,2020,"Lancet (London, England)","aheadofprint","England","eng",2020-03-23,2020-03-18
"221","32220066",19,3,2020,13,3,2020,"Journal of medical virology","aheadofprint","United States","eng",2020-03-19,2020-03-13
"222","32219885",22,3,2020,10,3,2020,"Journal of medical virology","aheadofprint","United States","eng",2020-03-22,2020-03-10
"223","32219882",23,3,2020,4,3,2020,"Journal of medical virology","aheadofprint","United States","eng",2020-03-23,2020-03-04
"224","32219871",NA,NA,NA,NA,NA,NA,"Journal of medical virology","aheadofprint","United States","eng",NA,NA
"225","32217104",20,3,2020,20,3,2020,"Travel medicine and infectious disease","aheadofprint","Netherlands","eng",2020-03-20,2020-03-20
"226","32213337",6,3,2020,25,2,2020,"The Lancet. Infectious diseases","aheadofprint","United States","eng",2020-03-06,2020-02-25
"227","32213336",13,3,2020,12,3,2020,"The Lancet. Infectious diseases","aheadofprint","United States","eng",2020-03-13,2020-03-12
"228","32213335",17,3,2020,11,3,2020,"The Lancet. Infectious diseases","aheadofprint","United States","eng",2020-03-17,2020-03-11
"229","32213332",28,2,2020,2,2,2020,"The Lancet. Infectious diseases","aheadofprint","United States","eng",2020-02-28,2020-02-02
"230","32213330",13,3,2020,12,3,2020,"The Lancet. Infectious diseases","aheadofprint","United States","eng",2020-03-13,2020-03-12
"231","32213329",9,3,2020,6,3,2020,"The Lancet. Infectious diseases","aheadofprint","United States","eng",2020-03-09,2020-03-06
"232","32213307",17,3,2020,15,3,2020,"Journal of the American Academy of Dermatology","aheadofprint","United States","eng",2020-03-17,2020-03-15
"233","32213305",17,3,2020,6,3,2020,"Journal of the American Academy of Dermatology","aheadofprint","United States","eng",2020-03-17,2020-03-06
"234","32209385",11,3,2020,9,3,2020,"The Journal of infection","aheadofprint","England","eng",2020-03-11,2020-03-09
"235","32209384",14,3,2020,10,3,2020,"The Journal of infection","aheadofprint","England","eng",2020-03-14,2020-03-10
"236","32209383",18,3,2020,16,3,2020,"The Journal of infection","aheadofprint","England","eng",2020-03-18,2020-03-16
"237","32209382",17,3,2020,15,3,2020,"The Journal of infection","aheadofprint","England","eng",2020-03-17,2020-03-15
"238","32209381",11,3,2020,8,3,2020,"The Journal of infection","aheadofprint","England","eng",2020-03-11,2020-03-08
"239","32205284",15,3,2020,26,2,2020,"International journal of infectious diseases : IJID : official publication of the International Society for Infectious Diseases","aheadofprint","Canada","eng",2020-03-15,2020-02-26
"240","32205272",19,3,2020,16,3,2020,"Travel medicine and infectious disease","aheadofprint","Netherlands","eng",2020-03-19,2020-03-16
"241","32205271",19,3,2020,18,3,2020,"Travel medicine and infectious disease","aheadofprint","Netherlands","eng",2020-03-19,2020-03-18
"242","32205270",18,3,2020,17,3,2020,"Travel medicine and infectious disease","aheadofprint","Netherlands","eng",2020-03-18,2020-03-17
"243","32205269",14,3,2020,8,3,2020,"Travel medicine and infectious disease","aheadofprint","Netherlands","eng",2020-03-14,2020-03-08
"244","32205268",18,3,2020,13,3,2020,"Travel medicine and infectious disease","aheadofprint","Netherlands","eng",2020-03-18,2020-03-13
"245","32205267",19,3,2020,13,2,2020,"Travel medicine and infectious disease","aheadofprint","Netherlands","eng",2020-03-19,2020-02-13
"246","32205204",17,3,2020,16,3,2020,"International journal of antimicrobial agents","aheadofprint","Netherlands","eng",2020-03-17,2020-03-16
"247","32205162",16,3,2020,13,3,2020,"The Journal of hospital infection","aheadofprint","England","eng",2020-03-16,2020-03-13
"248","32205161",16,3,2020,8,3,2020,"The Journal of hospital infection","aheadofprint","England","eng",2020-03-16,2020-03-08
"249","32205140",17,3,2020,15,3,2020,"The Journal of infection","aheadofprint","England","eng",2020-03-17,2020-03-15
"250","32205138",17,3,2020,14,3,2020,"The Journal of infection","aheadofprint","England","eng",2020-03-17,2020-03-14
"251","32205092",10,3,2020,8,3,2020,"Journal of microbiology, immunology, and infection = Wei mian yu gan ran za zhi","aheadofprint","England","eng",2020-03-10,2020-03-08
"252","32205091",13,3,2020,3,3,2020,"Journal of microbiology, immunology, and infection = Wei mian yu gan ran za zhi","aheadofprint","England","eng",2020-03-13,2020-03-03
"253","32205090",11,3,2020,10,3,2020,"Journal of microbiology, immunology, and infection = Wei mian yu gan ran za zhi","aheadofprint","England","eng",2020-03-11,2020-03-10
"254","32203711",5,3,2020,14,2,2020,"The Lancet. Respiratory medicine","aheadofprint","England","eng",2020-03-05,2020-02-14
"255","32203710",12,3,2020,10,3,2020,"The Lancet. Respiratory medicine","aheadofprint","England","eng",2020-03-12,2020-03-10
"256","32203709",11,3,2020,9,3,2020,"The Lancet. Respiratory medicine","aheadofprint","England","eng",2020-03-11,2020-03-09
"257","32203708",9,3,2020,7,3,2020,"The Lancet. Respiratory medicine","aheadofprint","England","eng",2020-03-09,2020-03-07
"258","32203693",17,3,2020,13,3,2020,"Lancet (London, England)","ppublish","England","eng",2020-03-17,2020-03-13
"259","32201354",14,3,2020,9,3,2020,"International journal of antimicrobial agents","aheadofprint","Netherlands","eng",2020-03-14,2020-03-09
"260","32201353",14,3,2020,7,3,2020,"International journal of antimicrobial agents","aheadofprint","Netherlands","eng",2020-03-14,2020-03-07
"261","32201339",13,3,2020,12,3,2020,"The Journal of hospital infection","aheadofprint","England","eng",2020-03-13,2020-03-12
"262","32201338",13,3,2020,11,3,2020,"The Journal of hospital infection","aheadofprint","England","eng",2020-03-13,2020-03-11
"263","32201156",14,3,2020,11,3,2020,"The Journal of infection","aheadofprint","England","eng",2020-03-14,2020-03-11
"264","32201155",14,3,2020,12,3,2020,"The Journal of infection","aheadofprint","England","eng",2020-03-14,2020-03-12
"265","32200109",4,3,2020,26,2,2020,"International journal of infectious diseases : IJID : official publication of the International Society for Infectious Diseases","aheadofprint","Canada","eng",2020-03-04,2020-02-26
"266","32199889",11,3,2020,6,3,2020,"Journal of the American Academy of Dermatology","aheadofprint","United States","eng",2020-03-11,2020-03-06
"267","32199877",12,3,2020,5,3,2020,"International journal of antimicrobial agents","aheadofprint","Netherlands","eng",2020-03-12,2020-03-05
"268","32199494",13,3,2020,4,3,2020,"The Lancet. Infectious diseases","aheadofprint","United States","eng",2020-03-13,2020-03-04
"269","32199493",13,3,2020,5,3,2020,"The Lancet. Infectious diseases","aheadofprint","United States","eng",2020-03-13,2020-03-05
"270","32199479",NA,NA,NA,NA,NA,NA,"Lancet (London, England)","ppublish","England","eng",NA,NA
"271","32199478",16,3,2020,16,3,2020,"Lancet (London, England)","ppublish","England","eng",2020-03-16,2020-03-16
"272","32199474",NA,NA,NA,NA,NA,NA,"Lancet (London, England)","ppublish","England","eng",NA,NA
"273","32199471",17,3,2020,16,3,2020,"The Lancet. Public health","aheadofprint","England","eng",2020-03-17,2020-03-16
"274","32199470",17,3,2020,3,3,2020,"Lancet (London, England)","ppublish","England","eng",2020-03-17,2020-03-03
"275","32199083",16,3,2020,16,3,2020,"The Lancet. Public health","aheadofprint","England","eng",2020-03-16,2020-03-16
"276","32199075",29,2,2020,10,2,2020,"Lancet (London, England)","ppublish","International","eng",2020-02-29,2020-02-10
"277","32199074",3,3,2020,29,2,2020,"Lancet (London, England)","ppublish","England","eng",2020-03-03,2020-02-29
"278","32199073",16,3,2020,13,3,2020,"Lancet (London, England)","ppublish","England","eng",2020-03-16,2020-03-13
"279","32198776",18,3,2020,6,3,2020,"Journal of medical virology","aheadofprint","United States","eng",2020-03-18,2020-03-06
"280","32198088",10,3,2020,4,3,2020,"International journal of infectious diseases : IJID : official publication of the International Society for Infectious Diseases","aheadofprint","Canada","eng",2020-03-10,2020-03-04
"281","32198005",8,3,2020,8,3,2020,"Journal of microbiology, immunology, and infection = Wei mian yu gan ran za zhi","aheadofprint","England","eng",2020-03-08,2020-03-08
"282","32198004",9,3,2020,7,3,2020,"Journal of microbiology, immunology, and infection = Wei mian yu gan ran za zhi","aheadofprint","England","eng",2020-03-09,2020-03-07
"283","32197116",12,3,2020,12,3,2020,"The Lancet. Public health","ppublish","England","eng",2020-03-12,2020-03-12
"284","32197108",11,3,2020,10,3,2020,"Lancet (London, England)","ppublish","England","eng",2020-03-11,2020-03-10
"285","32197104",16,3,2020,16,3,2020,"Lancet (London, England)","ppublish","England","eng",2020-03-16,2020-03-16
"286","32197103",16,3,2020,13,3,2020,"Lancet (London, England)","ppublish","England","eng",2020-03-16,2020-03-13
"287","32197098",5,3,2020,4,3,2020,"The Lancet. Infectious diseases","aheadofprint","United States","eng",2020-03-05,2020-03-04
"288","32197096",10,3,2020,9,3,2020,"The Lancet. Infectious diseases","aheadofprint","United States","eng",2020-03-10,2020-03-09
"289","32196707",17,3,2020,7,3,2020,"Journal of medical virology","aheadofprint","United States","eng",2020-03-17,2020-03-07
"290","32196703",6,3,2020,29,2,2020,"Journal of medical virology","aheadofprint","United States","eng",2020-03-06,2020-02-29
"291","32196700",18,3,2020,17,3,2020,"Journal of medical virology","aheadofprint","United States","eng",2020-03-18,2020-03-17
"292","32194239",9,3,2020,6,3,2020,"International journal of infectious diseases : IJID : official publication of the International Society for Infectious Diseases","aheadofprint","Canada","eng",2020-03-09,2020-03-06
"293","32194236",10,3,2020,5,3,2020,"International journal of infectious diseases : IJID : official publication of the International Society for Infectious Diseases","aheadofprint","Canada","eng",2020-03-10,2020-03-05
"294","32194152",9,3,2020,26,2,2020,"International journal of antimicrobial agents","aheadofprint","Netherlands","eng",2020-03-09,2020-02-26
"295","32193906",17,3,2020,15,3,2020,"Journal of Korean medical science","epublish","Korea (South)","eng",2020-03-17,2020-03-15
"296","32193905",16,3,2020,3,3,2020,"Journal of Korean medical science","epublish","Korea (South)","eng",2020-03-16,2020-03-03
"297","32193904",12,3,2020,10,3,2020,"Journal of Korean medical science","epublish","Korea (South)","eng",2020-03-12,2020-03-10
"298","32192586",5,3,2020,27,2,2020,"The Lancet. Respiratory medicine","ppublish","England","eng",2020-03-05,2020-02-27
"299","32192583",NA,NA,NA,NA,NA,NA,"The Lancet. Respiratory medicine","ppublish","England","eng",NA,NA
"300","32192582",4,3,2020,2,3,2020,"Lancet (London, England)","ppublish","England","eng",2020-03-04,2020-03-02
"301","32192580",26,2,2020,16,2,2020,"Lancet (London, England)","ppublish","England","eng",2020-02-26,2020-02-16
"302","32192578",11,3,2020,8,3,2020,"Lancet (London, England)","ppublish","England","eng",2020-03-11,2020-03-08
"303","32190908",16,3,2020,11,3,2020,"Journal of medical virology","aheadofprint","United States","eng",2020-03-16,2020-03-11
"304","32190904",NA,NA,NA,NA,NA,NA,"Journal of medical virology","aheadofprint","United States","eng",NA,NA
"305","32184132",12,3,2020,14,2,2020,"Travel medicine and infectious disease","aheadofprint","Netherlands","eng",2020-03-12,2020-02-14
"306","32184131",12,3,2020,18,2,2020,"Travel medicine and infectious disease","aheadofprint","Netherlands","eng",2020-03-12,2020-02-18
"307","32184130",12,3,2020,10,3,2020,"Travel medicine and infectious disease","aheadofprint","Netherlands","eng",2020-03-12,2020-03-10
"308","32184129",13,3,2020,11,3,2020,"Travel medicine and infectious disease","aheadofprint","Netherlands","eng",2020-03-13,2020-03-11
"309","32184128",12,3,2020,24,2,2020,"Travel medicine and infectious disease","aheadofprint","Netherlands","eng",2020-03-12,2020-02-24
"310","32183172",10,3,2020,24,2,2020,"Journal of clinical medicine","epublish","Switzerland","eng",2020-03-10,2020-02-24
"311","32181911",13,3,2020,28,2,2020,"Journal of medical virology","aheadofprint","United States","eng",2020-03-13,2020-02-28
"312","32181904",12,3,2020,27,2,2020,"Journal of medical virology","aheadofprint","United States","eng",2020-03-12,2020-02-27
"313","32181903",12,3,2020,27,2,2020,"Journal of medical virology","aheadofprint","United States","eng",2020-03-12,2020-02-27
"314","32181901",10,3,2020,19,2,2020,"Journal of medical virology","aheadofprint","United States","eng",2020-03-10,2020-02-19
"315","32179150",9,3,2020,4,3,2020,"International journal of antimicrobial agents","aheadofprint","Netherlands","eng",2020-03-09,2020-03-04
"316","32179140",7,3,2020,29,2,2020,"International journal of infectious diseases : IJID : official publication of the International Society for Infectious Diseases","aheadofprint","Canada","eng",2020-03-07,2020-02-29
"317","32179137",6,3,2020,13,2,2020,"International journal of infectious diseases : IJID : official publication of the International Society for Infectious Diseases","aheadofprint","Canada","eng",2020-03-06,2020-02-13
"318","32179125",12,3,2020,5,3,2020,"Travel medicine and infectious disease","aheadofprint","Netherlands","eng",2020-03-12,2020-03-05
"319","32179124",11,3,2020,29,2,2020,"Travel medicine and infectious disease","aheadofprint","Netherlands","eng",2020-03-11,2020-02-29
"320","32179123",12,3,2020,16,2,2020,"Travel medicine and infectious disease","aheadofprint","Netherlands","eng",2020-03-12,2020-02-16
"321","32179122",12,3,2020,5,3,2020,"Travel medicine and infectious disease","aheadofprint","Netherlands","eng",2020-03-12,2020-03-05
"322","32178970",8,3,2020,7,3,2020,"Journal of microbiology, immunology, and infection = Wei mian yu gan ran za zhi","aheadofprint","England","eng",2020-03-08,2020-03-07
"323","32178774",9,3,2020,7,3,2020,"The Lancet. Respiratory medicine","ppublish","England","eng",2020-03-09,2020-03-07
"324","32178769",11,3,2020,10,3,2020,"Lancet (London, England)","aheadofprint","England","eng",2020-03-11,2020-03-10
"325","32178768",6,3,2020,2,3,2020,"Lancet (London, England)","ppublish","England","eng",2020-03-06,2020-03-02
"326","32178767",11,3,2020,4,3,2020,"Lancet (London, England)","ppublish","England","eng",2020-03-11,2020-03-04
"327","32178762",NA,NA,NA,NA,NA,NA,"The Lancet. Infectious diseases","ppublish","United States","eng",NA,NA
"328","32176361",6,3,2020,5,3,2020,"Journal of medical virology","aheadofprint","United States","eng",2020-03-06,2020-03-05
"329","32176356",6,3,2020,1,3,2020,"Journal of medical virology","aheadofprint","United States","eng",2020-03-06,2020-03-01
"330","32174069",6,3,2020,5,3,2020,"Journal of Korean medical science","epublish","Korea (South)","eng",2020-03-06,2020-03-05
"331","32173576",6,3,2020,19,2,2020,"International journal of infectious diseases : IJID : official publication of the International Society for Infectious Diseases","aheadofprint","Canada","eng",2020-03-06,2020-02-19
"332","32173574",5,3,2020,28,2,2020,"International journal of infectious diseases : IJID : official publication of the International Society for Infectious Diseases","aheadofprint","Canada","eng",2020-03-05,2020-02-28
"333","32173572",6,3,2020,21,2,2020,"International journal of infectious diseases : IJID : official publication of the International Society for Infectious Diseases","aheadofprint","Canada","eng",2020-03-06,2020-02-21
"334","32173458",6,3,2020,3,3,2020,"The Journal of hospital infection","aheadofprint","England","eng",2020-03-06,2020-03-03
"335","32173241",25,2,2020,25,2,2020,"Journal of microbiology, immunology, and infection = Wei mian yu gan ran za zhi","aheadofprint","England","eng",2020-02-25,2020-02-25
"336","32171952",5,3,2020,28,2,2020,"International journal of infectious diseases : IJID : official publication of the International Society for Infectious Diseases","aheadofprint","Canada","eng",2020-03-05,2020-02-28
"337","32171951",5,3,2020,1,3,2020,"International journal of infectious diseases : IJID : official publication of the International Society for Infectious Diseases","aheadofprint","Canada","eng",2020-03-05,2020-03-01
"338","32171948",6,3,2020,18,2,2020,"International journal of infectious diseases : IJID : official publication of the International Society for Infectious Diseases","aheadofprint","Canada","eng",2020-03-06,2020-02-18
"339","32171882",10,3,2020,6,3,2020,"Travel medicine and infectious disease","aheadofprint","Netherlands","eng",2020-03-10,2020-03-06
"340","32171872",6,3,2020,5,3,2020,"The Journal of infection","aheadofprint","England","eng",2020-03-06,2020-03-05
"341","32171869",2,3,2020,1,3,2020,"The Journal of infection","aheadofprint","England","eng",2020-03-02,2020-03-01
"342","32171867",5,3,2020,4,3,2020,"The Journal of infection","aheadofprint","England","eng",2020-03-05,2020-03-04
"343","32171866",4,3,2020,3,3,2020,"The Journal of infection","aheadofprint","England","eng",2020-03-04,2020-03-03
"344","32171865",2,3,2020,29,2,2020,"The Journal of infection","aheadofprint","England","eng",2020-03-02,2020-02-29
"345","32171808",5,3,2020,28,2,2020,"Journal of the American Academy of Dermatology","aheadofprint","United States","eng",2020-03-05,2020-02-28
"346","32171807",2,3,2020,2,3,2020,"Journal of the American Academy of Dermatology","aheadofprint","United States","eng",2020-03-02,2020-03-02
"347","32171806",4,3,2020,4,3,2020,"Journal of the American Academy of Dermatology","aheadofprint","United States","eng",2020-03-04,2020-03-04
"348","32171754",9,3,2020,6,3,2020,"The Journal of hospital infection","aheadofprint","England","eng",2020-03-09,2020-03-06
"349","32171740",5,3,2020,2,3,2020,"International journal of antimicrobial agents","aheadofprint","Netherlands","eng",2020-03-05,2020-03-02
"350","32171390",5,3,2020,4,3,2020,"The Lancet. Infectious diseases","aheadofprint","United States","eng",2020-03-05,2020-03-04
"351","32171389",5,3,2020,27,2,2020,"The Lancet. Infectious diseases","aheadofprint","United States","eng",2020-03-05,2020-02-27
"352","32171076",2,3,2020,17,2,2020,"Lancet (London, England)","ppublish","England","eng",2020-03-02,2020-02-17
"353","32171075",NA,NA,NA,NA,NA,NA,"Lancet (London, England)","ppublish","England","eng",NA,NA
"354","32171074",4,3,2020,2,3,2020,"Lancet (London, England)","ppublish","England","eng",2020-03-04,2020-03-02
"355","32171067",3,3,2020,28,2,2020,"The Lancet. Respiratory medicine","ppublish","England","eng",2020-03-03,2020-02-28
"356","32171063",4,3,2020,3,3,2020,"The Lancet. Respiratory medicine","ppublish","England","eng",2020-03-04,2020-03-03
"357","32171062",3,3,2020,26,2,2020,"The Lancet. Respiratory medicine","ppublish","England","eng",2020-03-03,2020-02-26
"358","32171059",19,2,2020,31,1,2020,"The Lancet. Infectious diseases","aheadofprint","United States","eng",2020-02-19,2020-01-31
"359","32171054",9,3,2020,8,3,2020,"The Lancet. Public health","ppublish","England","eng",2020-03-09,2020-03-08
"360","32170865",12,3,2020,2,3,2020,"Journal of medical virology","aheadofprint","United States","eng",2020-03-12,2020-03-02
"361","32169615",4,3,2020,2,3,2020,"The Journal of hospital infection","aheadofprint","England","eng",2020-03-04,2020-03-02
"362","32169481",27,2,2020,22,2,2020,"The Journal of infection","aheadofprint","England","eng",2020-02-27,2020-02-22
"363","32167181",10,3,2020,3,3,2020,"Journal of medical virology","aheadofprint","United States","eng",2020-03-10,2020-03-03
"364","32167180",10,3,2020,28,2,2020,"Journal of medical virology","aheadofprint","United States","eng",2020-03-10,2020-02-28
"365","32167173",10,3,2020,4,3,2020,"Journal of medical virology","aheadofprint","United States","eng",2020-03-10,2020-03-04
"366","32167166",9,3,2020,26,2,2020,"Journal of medical virology","aheadofprint","United States","eng",2020-03-09,2020-02-26
"367","32165283",4,3,2020,3,3,2020,"Travel medicine and infectious disease","aheadofprint","Netherlands","eng",2020-03-04,2020-03-03
"368","32164834",6,3,2020,5,3,2020,"Lancet (London, England)","ppublish","England","eng",2020-03-06,2020-03-05
"369","32164830",24,2,2020,20,2,2020,"The Lancet. Infectious diseases","ppublish","United States","eng",2020-02-24,2020-02-20
"370","32162702",9,3,2020,2,3,2020,"Journal of medical virology","aheadofprint","United States","eng",2020-03-09,2020-03-02
"371","32162699",9,3,2020,28,2,2020,"Journal of medical virology","aheadofprint","United States","eng",2020-03-09,2020-02-28
"372","32160971",7,3,2020,5,3,2020,"Travel medicine and infectious disease","aheadofprint","Netherlands","eng",2020-03-07,2020-03-05
"373","32160316",24,2,2020,21,2,2020,"Journal of medical virology","aheadofprint","United States","eng",2020-02-24,2020-02-21
"374","32159237",9,3,2020,26,2,2020,"Journal of medical virology","aheadofprint","United States","eng",2020-03-09,2020-02-26
"375","32159234",6,3,2020,3,3,2020,"Journal of medical virology","aheadofprint","United States","eng",2020-03-06,2020-03-03
"376","32151714",NA,NA,NA,NA,NA,NA,"International journal of antimicrobial agents","aheadofprint","Netherlands","eng",NA,NA
"377","32151674",2,3,2020,28,2,2020,"The Journal of hospital infection","aheadofprint","England","eng",2020-03-02,2020-02-28
"378","32151335",8,2,2020,4,2,2020,"Lancet (London, England)","ppublish","England","eng",2020-02-08,2020-02-04
"379","32151334",10,2,2020,10,2,2020,"Lancet (London, England)","ppublish","England","eng",2020-02-10,2020-02-10
"380","32151326",4,3,2020,26,2,2020,"Lancet (London, England)","ppublish","England","eng",2020-03-04,2020-02-26
"381","32151325",27,2,2020,21,2,2020,"Lancet (London, England)","ppublish","England","eng",2020-02-27,2020-02-21
"382","32151324",4,3,2020,21,2,2020,"Lancet (London, England)","ppublish","England","eng",2020-03-04,2020-02-21
"383","32147538",2,3,2020,21,2,2020,"International journal of infectious diseases : IJID : official publication of the International Society for Infectious Diseases","aheadofprint","Canada","eng",2020-03-02,2020-02-21
"384","32147516",NA,NA,NA,16,2,2020,"International journal of antimicrobial agents","aheadofprint","Netherlands","eng",NA,2020-02-16
"385","32147409",21,2,2020,21,2,2020,"Journal of microbiology, immunology, and infection = Wei mian yu gan ran za zhi","aheadofprint","England","eng",2020-02-21,2020-02-21
"386","32147407",2,3,2020,1,3,2020,"The Journal of hospital infection","aheadofprint","England","eng",2020-03-02,2020-03-01
"387","32147406",2,3,2020,28,2,2020,"The Journal of hospital infection","aheadofprint","England","eng",2020-03-02,2020-02-28
"388","32146924",10,2,2020,7,2,2020,"The Lancet. Respiratory medicine","ppublish","England","eng",2020-02-10,2020-02-07
"389","32145829",2,3,2020,27,2,2020,"The Lancet. Respiratory medicine","ppublish","England","eng",2020-03-02,2020-02-27
"390","32145772",NA,NA,NA,NA,NA,NA,"Lancet (London, England)","ppublish","England","eng",NA,NA
"391","32145768",20,2,2020,12,2,2020,"The Lancet. Infectious diseases","aheadofprint","United States","eng",2020-02-20,2020-02-12
"392","32145766",24,2,2020,19,2,2020,"The Lancet. Infectious diseases","aheadofprint","United States","eng",2020-02-24,2020-02-19
"393","32145466",27,2,2020,14,2,2020,"International journal of infectious diseases : IJID : official publication of the International Society for Infectious Diseases","aheadofprint","Canada","eng",2020-02-27,2020-02-14
"394","32145465",27,2,2020,31,1,2020,"International journal of infectious diseases : IJID : official publication of the International Society for Infectious Diseases","aheadofprint","Canada","eng",2020-02-27,2020-01-31
"395","32145386",3,3,2020,26,2,2020,"Travel medicine and infectious disease","aheadofprint","Netherlands","eng",2020-03-03,2020-02-26
"396","32145363",27,2,2020,26,2,2020,"International journal of antimicrobial agents","aheadofprint","Netherlands","eng",2020-02-27,2020-02-26
"397","32145217",28,2,2020,27,2,2020,"The Journal of infection","aheadofprint","England","eng",2020-02-28,2020-02-27
"398","32145216",27,2,2020,26,2,2020,"The Journal of infection","aheadofprint","England","eng",2020-02-27,2020-02-26
"399","32145215",29,2,2020,27,2,2020,"The Journal of infection","aheadofprint","England","eng",2020-02-29,2020-02-27
"400","32145214",28,2,2020,22,2,2020,"The Journal of infection","aheadofprint","England","eng",2020-02-28,2020-02-22
"401","32145189",27,2,2020,23,2,2020,"The Lancet. Infectious diseases","aheadofprint","United States","eng",2020-02-27,2020-02-23
"402","32145188",28,2,2020,26,2,2020,"The Lancet. Infectious diseases","aheadofprint","United States","eng",2020-02-28,2020-02-26
"403","32145187",2,3,2020,1,3,2020,"Lancet (London, England)","ppublish","England","eng",2020-03-02,2020-03-01
"404","32145186",2,3,2020,2,3,2020,"Lancet (London, England)","ppublish","England","eng",2020-03-02,2020-03-02
"405","32142979",25,2,2020,25,2,2020,"International journal of infectious diseases : IJID : official publication of the International Society for Infectious Diseases","aheadofprint","Canada","eng",2020-02-25,2020-02-25
"406","32142928",26,2,2020,20,2,2020,"The Journal of infection","aheadofprint","England","eng",2020-02-26,2020-02-20
"407","32142887",27,2,2020,19,2,2020,"The Journal of hospital infection","aheadofprint","England","eng",2020-02-27,2020-02-19
"408","32142886",27,2,2020,24,2,2020,"The Journal of hospital infection","aheadofprint","England","eng",2020-02-27,2020-02-24
"409","32142885",27,2,2020,22,2,2020,"The Journal of hospital infection","aheadofprint","England","eng",2020-02-27,2020-02-22
"410","32142639",27,2,2020,27,2,2020,"The Lancet. Infectious diseases","aheadofprint","United States","eng",2020-02-27,2020-02-27
"411","32142626",2,3,2020,26,2,2020,"Lancet (London, England)","ppublish","England","eng",2020-03-02,2020-02-26
"412","32141624",4,3,2020,25,2,2020,"Journal of medical virology","aheadofprint","United States","eng",2020-03-04,2020-02-25
"413","32141619",4,3,2020,21,2,2020,"Journal of medical virology","aheadofprint","United States","eng",2020-03-04,2020-02-21
"414","32135077",20,2,2020,18,2,2020,"Lancet (London, England)","ppublish","England","eng",2020-02-20,2020-02-18
"415","32134116",2,3,2020,24,2,2020,"Journal of medical virology","aheadofprint","United States","eng",2020-03-02,2020-02-24
"416","32131537",27,2,2020,9,2,2020,"Journal of clinical medicine","epublish","Switzerland","eng",2020-02-27,2020-02-09
"417","32126292",28,2,2020,27,2,2020,"Travel medicine and infectious disease","aheadofprint","Netherlands","eng",2020-02-28,2020-02-27
"418","32124995",1,3,2020,16,2,2020,"Journal of medical virology","aheadofprint","United States","eng",2020-03-01,2020-02-16
"419","32124990",1,3,2020,23,2,2020,"Journal of medical virology","aheadofprint","United States","eng",2020-03-01,2020-02-23
"420","32122469",6,2,2020,31,1,2020,"Lancet (London, England)","ppublish","England","eng",2020-02-06,2020-01-31
"421","32122468",10,2,2020,10,2,2020,"Lancet (London, England)","ppublish","England","eng",2020-02-10,2020-02-10
"422","32121356",25,2,2020,25,2,2020,"Journal of clinical medicine","epublish","Switzerland","eng",2020-02-25,2020-02-25
"423","32120913",24,2,2020,8,2,2020,"Journal of clinical medicine","epublish","Switzerland","eng",2020-02-24,2020-02-08
"424","32119980",23,2,2020,19,2,2020,"International journal of infectious diseases : IJID : official publication of the International Society for Infectious Diseases","aheadofprint","Canada","eng",2020-02-23,2020-02-19
"425","32119884",25,2,2020,21,2,2020,"The Journal of infection","aheadofprint","United Kingdom","eng",2020-02-25,2020-02-21
"426","32119824",26,2,2020,26,2,2020,"Lancet (London, England)","ppublish","England","eng",2020-02-26,2020-02-26
"427","32119823",21,2,2020,19,2,2020,"The Lancet. Infectious diseases","aheadofprint","United States","eng",2020-02-21,2020-02-19
"428","32115733",26,2,2020,16,2,2020,"Journal of medical virology","aheadofprint","United States","eng",2020-02-26,2020-02-16
"429","32115732",26,2,2020,13,2,2020,"Journal of medical virology","aheadofprint","United States","eng",2020-02-26,2020-02-13
"430","32114193",22,2,2020,17,2,2020,"International journal of infectious diseases : IJID : official publication of the International Society for Infectious Diseases","aheadofprint","Canada","eng",2020-02-22,2020-02-17
"431","32114075",24,2,2020,12,2,2020,"Travel medicine and infectious disease","aheadofprint","Netherlands","eng",2020-02-24,2020-02-12
"432","32114074",24,2,2020,17,2,2020,"Travel medicine and infectious disease","aheadofprint","Netherlands","eng",2020-02-24,2020-02-17
"433","32114054",23,2,2020,22,2,2020,"The Journal of hospital infection","aheadofprint","England","eng",2020-02-23,2020-02-22
"434","32113991",20,2,2020,18,2,2020,"The Journal of infection","ppublish","England","eng",2020-02-20,2020-02-18
"435","32113510",18,2,2020,11,2,2020,"The Lancet. Infectious diseases","ppublish","United States","eng",2020-02-18,2020-02-11
"436","32113509",18,2,2020,18,2,2020,"The Lancet. Infectious diseases","ppublish","United States","eng",2020-02-18,2020-02-18
"437","32113508",24,2,2020,21,2,2020,"Lancet (London, England)","ppublish","England","eng",2020-02-24,2020-02-21
"438","32113507",25,2,2020,10,2,2020,"Lancet (London, England)","ppublish","England","eng",2020-02-25,2020-02-10
"439","32113506",25,2,2020,25,2,2020,"Lancet (London, England)","ppublish","England","eng",2020-02-25,2020-02-25
"440","32113505",25,2,2020,11,2,2020,"Lancet (London, England)","ppublish","England","eng",2020-02-25,2020-02-11
"441","32113495",NA,NA,NA,NA,NA,NA,"Lancet (London, England)","ppublish","England","eng",NA,NA
"442","32113494",NA,NA,NA,NA,NA,NA,"Lancet (London, England)","ppublish","England","eng",NA,NA
"443","32112966",20,2,2020,14,2,2020,"International journal of infectious diseases : IJID : official publication of the International Society for Infectious Diseases","aheadofprint","Canada","eng",2020-02-20,2020-02-14
"444","32112887",21,2,2020,18,2,2020,"The Journal of infection","aheadofprint","England","eng",2020-02-21,2020-02-18
"445","32112886",21,2,2020,19,2,2020,"The Journal of infection","ppublish","England","eng",2020-02-21,2020-02-19
"446","32112884",21,2,2020,20,2,2020,"The Journal of infection","ppublish","England","eng",2020-02-21,2020-02-20
"447","32112859",21,2,2020,20,2,2020,"Travel medicine and infectious disease","aheadofprint","Netherlands","eng",2020-02-21,2020-02-20
"448","32112857",24,2,2020,13,2,2020,"Travel medicine and infectious disease","aheadofprint","Netherlands","eng",2020-02-24,2020-02-13
"449","32112714",17,2,2020,3,2,2020,"Lancet (London, England)","ppublish","England","eng",2020-02-17,2020-02-03
"450","32111449",17,2,2020,17,2,2020,"Journal of microbiology, immunology, and infection = Wei mian yu gan ran za zhi","aheadofprint","England","eng",2020-02-17,2020-02-17
"451","32110875",19,2,2020,13,2,2020,"Journal of clinical medicine","epublish","Switzerland","eng",2020-02-19,2020-02-13
"452","32109444",11,2,2020,9,2,2020,"The Journal of infection","ppublish","England","eng",2020-02-11,2020-02-09
"453","32109443",21,2,2020,19,2,2020,"The Journal of infection","ppublish","England","eng",2020-02-21,2020-02-19
"454","32108359",26,2,2020,22,2,2020,"Journal of medical virology","aheadofprint","United States","eng",2020-02-26,2020-02-22
"455","32108352",26,2,2020,20,2,2020,"Journal of medical virology","aheadofprint","United States","eng",2020-02-26,2020-02-20
"456","32108351",26,2,2020,24,2,2020,"Journal of medical virology","aheadofprint","United States","eng",2020-02-26,2020-02-24
"457","32105641",17,2,2020,17,2,2020,"The Lancet. Infectious diseases","ppublish","United States","eng",2020-02-17,2020-02-17
"458","32105638",14,2,2020,12,2,2020,"The Lancet. Infectious diseases","ppublish","United States","eng",2020-02-14,2020-02-12
"459","32105637",11,2,2020,30,1,2020,"The Lancet. Infectious diseases","ppublish","United States","eng",2020-02-11,2020-01-30
"460","32105633",18,2,2020,15,2,2020,"The Lancet. Respiratory medicine","ppublish","England","eng",2020-02-18,2020-02-15
"461","32105632",14,2,2020,10,2,2020,"The Lancet. Respiratory medicine","aheadofprint","England","eng",2020-02-14,2020-02-10
"462","32105610",20,2,2020,19,2,2020,"Lancet (London, England)","ppublish","International","eng",2020-02-20,2020-02-19
"463","32105609",20,2,2020,19,2,2020,"Lancet (London, England)","ppublish","England","eng",2020-02-20,2020-02-19
"464","32104917",NA,NA,NA,NA,NA,NA,"Journal of medical virology","aheadofprint","United States","eng",NA,NA
"465","32104915",24,2,2020,14,2,2020,"Journal of medical virology","aheadofprint","United States","eng",2020-02-24,2020-02-14
"466","32104911",24,2,2020,15,2,2020,"Journal of medical virology","aheadofprint","United States","eng",2020-02-24,2020-02-15
"467","32104907",24,2,2020,13,2,2020,"Journal of medical virology","aheadofprint","United States","eng",2020-02-24,2020-02-13
"468","32102279",20,2,2020,13,2,2020,"Journal of clinical medicine","epublish","Switzerland","eng",2020-02-20,2020-02-13
"469","32100877",24,2,2020,19,2,2020,"Journal of medical virology","aheadofprint","United States","eng",2020-02-24,2020-02-19
"470","32100876",24,2,2020,19,2,2020,"Journal of medical virology","aheadofprint","United States","eng",2020-02-24,2020-02-19
"471","32098289",19,2,2020,14,2,2020,"Journal of clinical medicine","epublish","Switzerland","eng",2020-02-19,2020-02-14
"472","32098019",17,2,2020,15,2,2020,"Journal of clinical medicine","epublish","Switzerland","eng",2020-02-17,2020-02-15
"473","32097725",18,2,2020,15,2,2020,"International journal of infectious diseases : IJID : official publication of the International Society for Infectious Diseases","aheadofprint","Canada","eng",2020-02-18,2020-02-15
"474","32096567",22,2,2020,5,2,2020,"Journal of medical virology","aheadofprint","United States","eng",2020-02-22,2020-02-05
"475","32096566",21,2,2020,14,2,2020,"Journal of medical virology","aheadofprint","United States","eng",2020-02-21,2020-02-14
"476","32096564",22,2,2020,17,2,2020,"Journal of medical virology","aheadofprint","United States","eng",2020-02-22,2020-02-17
"477","32093211",14,2,2020,30,1,2020,"Journal of clinical medicine","epublish","Switzerland","eng",2020-02-14,2020-01-30
"478","32093043",14,2,2020,5,2,2020,"Journal of clinical medicine","epublish","Switzerland","eng",2020-02-14,2020-02-05
"479","32092392",12,2,2020,7,2,2020,"The Journal of infection","ppublish","England","eng",2020-02-12,2020-02-07
"480","32092391",7,2,2020,3,2,2020,"The Journal of infection","aheadofprint","United Kingdom","eng",2020-02-07,2020-02-03
"481","32092388",7,2,2020,6,2,2020,"The Journal of infection","aheadofprint","England","eng",2020-02-07,2020-02-06
"482","32092368",17,2,2020,11,2,2020,"The Journal of hospital infection","aheadofprint","England","eng",2020-02-17,2020-02-11
"483","32091134",21,2,2020,13,2,2020,"Journal of medical virology","aheadofprint","United States","eng",2020-02-21,2020-02-13
"484","32088339",14,2,2020,12,2,2020,"International journal of infectious diseases : IJID : official publication of the International Society for Infectious Diseases","aheadofprint","Canada","eng",2020-02-14,2020-02-12
"485","32088335",14,2,2020,6,2,2020,"International journal of infectious diseases : IJID : official publication of the International Society for Infectious Diseases","aheadofprint","Canada","eng",2020-02-14,2020-02-06
"486","32087820",15,2,2020,4,2,2020,"Lancet (London, England)","ppublish","England","eng",2020-02-15,2020-02-04
"487","32087777",NA,NA,NA,NA,NA,NA,"Lancet (London, England)","ppublish","England","eng",NA,NA
"488","32087125",18,2,2020,18,2,2020,"Lancet (London, England)","ppublish","England","eng",2020-02-18,2020-02-18
"489","32087122",18,2,2020,17,2,2020,"Lancet (London, England)","ppublish","England","eng",2020-02-18,2020-02-17
"490","32087116",13,2,2020,9,2,2020,"The Lancet. Infectious diseases","ppublish","United States","eng",2020-02-13,2020-02-09
"491","32087115",14,2,2020,13,2,2020,"The Lancet. Infectious diseases","aheadofprint","United States","eng",2020-02-14,2020-02-13
"492","32087114",13,2,2020,11,2,2020,"The Lancet. Infectious diseases","aheadofprint","United States","eng",2020-02-13,2020-02-11
"493","32085850",12,2,2020,10,2,2020,"The Lancet. Infectious diseases","ppublish","United States","eng",2020-02-12,2020-02-10
"494","32085849",12,2,2020,7,2,2020,"The Lancet. Infectious diseases","ppublish","United States","eng",2020-02-12,2020-02-07
"495","32085846",13,2,2020,12,2,2020,"The Lancet. Respiratory medicine","ppublish","England","eng",2020-02-13,2020-02-12
"496","32083328",19,2,2020,13,2,2020,"Journal of medical virology","aheadofprint","United States","eng",2020-02-19,2020-02-13
"497","32081636",12,2,2020,11,2,2020,"International journal of antimicrobial agents","ppublish","Netherlands","eng",2020-02-12,2020-02-11
"498","32080993",19,2,2020,19,2,2020,"Journal of Korean medical science","epublish","Korea (South)","eng",2020-02-19,2020-02-19
"499","32080992",17,2,2020,15,2,2020,"Journal of Korean medical science","epublish","Korea (South)","eng",2020-02-17,2020-02-15
"500","32080991",19,2,2020,14,2,2020,"Journal of Korean medical science","epublish","Korea (South)","eng",2020-02-19,2020-02-14
"501","32080990",17,2,2020,11,2,2020,"Journal of Korean medical science","epublish","Korea (South)","eng",2020-02-17,2020-02-11
"502","32079150",10,2,2020,25,1,2020,"Journal of clinical medicine","epublish","Switzerland","eng",2020-02-10,2020-01-25
"503","32078803",12,2,2020,11,2,2020,"Lancet (London, England)","ppublish","England","eng",2020-02-12,2020-02-11
"504","32075152",12,2,2020,29,1,2020,"Journal of clinical medicine","epublish","Switzerland","eng",2020-02-12,2020-01-29
"505","32074487",13,2,2020,13,2,2020,"Journal of the American Academy of Dermatology","ppublish","United States","eng",2020-02-13,2020-02-13
"506","32073161",17,2,2020,14,2,2020,"Journal of medical virology","ppublish","International","eng",2020-02-17,2020-02-14
"507","32070753",11,2,2020,11,2,2020,"International journal of antimicrobial agents","ppublish","Netherlands","eng",2020-02-11,2020-02-11
"508","32066526",7,2,2020,7,2,2020,"Lancet (London, England)","ppublish","England","eng",2020-02-07,2020-02-07
"509","32066525",4,2,2020,30,1,2020,"Lancet (London, England)","ppublish","England","eng",2020-02-04,2020-01-30
"510","32061335",10,2,2020,30,1,2020,"The Lancet. Respiratory medicine","ppublish","England","eng",2020-02-10,2020-01-30
"511","32061313",12,2,2020,11,2,2020,"Lancet (London, England)","ppublish","International","eng",2020-02-12,2020-02-11
"512","32061311",11,2,2020,11,2,2020,"Lancet (London, England)","ppublish","England","eng",2020-02-11,2020-02-11
"513","32061284",NA,NA,NA,NA,NA,NA,"Lancet (London, England)","ppublish","England","eng",NA,NA
"514","32059801",6,2,2020,2,2,2020,"Lancet (London, England)","ppublish","England","eng",2020-02-06,2020-02-02
"515","32059800",6,2,2020,1,2,2020,"Lancet (London, England)","ppublish","England","eng",2020-02-06,2020-02-01
"516","32059799",7,2,2020,7,2,2020,"Lancet (London, England)","ppublish","England","eng",2020-02-07,2020-02-07
"517","32059798",6,2,2020,1,2,2020,"Lancet (London, England)","ppublish","England","eng",2020-02-06,2020-02-01
"518","32057788",4,2,2020,4,2,2020,"The Journal of hospital infection","aheadofprint","England","eng",2020-02-04,2020-02-04
"519","32056407",11,2,2020,10,2,2020,"Journal of Korean medical science","epublish","Korea (South)","eng",2020-02-11,2020-02-10
"520","32056249",13,2,2020,7,2,2020,"Journal of medical virology","ppublish","International","eng",2020-02-13,2020-02-07
"521","32056235",13,2,2020,10,2,2020,"Journal of medical virology","ppublish","United States","eng",2020-02-13,2020-02-10
"522","32054124",7,2,2020,25,1,2020,"Journal of clinical medicine","epublish","Switzerland","eng",2020-02-07,2020-01-25
"523","32054045",10,2,2020,10,2,2020,"Journal of clinical medicine","epublish","Switzerland","eng",2020-02-10,2020-02-10
"524","32052466",4,2,2020,30,1,2020,"Journal of medical virology","ppublish","International","eng",2020-02-04,2020-01-30
"525","32048740",11,2,2020,9,2,2020,"Journal of medical virology","ppublish","United States","eng",2020-02-11,2020-02-09
"526","32046137",6,2,2020,31,1,2020,"Journal of clinical medicine","epublish","Switzerland","eng",2020-02-06,2020-01-31
"527","32044389",7,2,2020,6,2,2020,"Travel medicine and infectious disease","ppublish","Netherlands","eng",2020-02-07,2020-02-06
"528","32044388",6,2,2020,5,2,2020,"Travel medicine and infectious disease","aheadofprint","Netherlands","eng",2020-02-06,2020-02-05
"529","32044387",4,2,2020,4,2,2020,"Travel medicine and infectious disease","ppublish","Netherlands","eng",2020-02-04,2020-02-04
"530","32043983",5,2,2020,4,2,2020,"Lancet (London, England)","ppublish","England","eng",2020-02-05,2020-02-04
"531","32043982",4,2,2020,28,1,2020,"Lancet (London, England)","ppublish","England","eng",2020-02-04,2020-01-28
"532","32043978",5,2,2020,5,2,2020,"The Lancet. Infectious diseases","ppublish","United States","eng",2020-02-05,2020-02-05
"533","32035997",31,1,2020,31,1,2020,"The Journal of hospital infection","ppublish","England","eng",2020-01-31,2020-01-31
"534","32035811",1,2,2020,1,2,2020,"Journal of microbiology, immunology, and infection = Wei mian yu gan ran za zhi","aheadofprint","England","eng",2020-02-01,2020-02-01
"535","32035538",NA,NA,NA,NA,NA,NA,"Lancet (London, England)","ppublish","England","eng",NA,NA
"536","32035537",3,2,2020,3,2,2020,"Lancet (London, England)","ppublish","England","eng",2020-02-03,2020-02-03
"537","32035533",3,2,2020,3,2,2020,"Lancet (London, England)","ppublish","England","eng",2020-02-03,2020-02-03
"538","32035511",4,2,2020,30,1,2020,"Lancet (London, England)","ppublish","England","eng",2020-02-04,2020-01-30
"539","32035510",4,2,2020,27,1,2020,"Lancet (London, England)","ppublish","England","eng",2020-02-04,2020-01-27
"540","32035269",4,2,2020,4,2,2020,"Travel medicine and infectious disease","ppublish","Netherlands","eng",2020-02-04,2020-02-04
"541","32035018",3,2,2020,31,1,2020,"Lancet (London, England)","ppublish","England","eng",2020-02-03,2020-01-31
"542","32033064",3,2,2020,2,2,2020,"Journal of clinical medicine","epublish","Switzerland","eng",2020-02-03,2020-02-02
"543","32032674",3,2,2020,29,1,2020,"Travel medicine and infectious disease","aheadofprint","Netherlands","eng",2020-02-03,2020-01-29
"544","32032614",29,1,2020,28,1,2020,"The Journal of hospital infection","ppublish","England","eng",2020-01-29,2020-01-28
"545","32032529",3,2,2020,3,2,2020,"Lancet (London, England)","ppublish","England","eng",2020-02-03,2020-02-03
"546","32031264",4,2,2020,1,2,2020,"Journal of medical virology","ppublish","United States","eng",2020-02-04,2020-02-01
"547","32030926",3,2,2020,1,2,2020,"Journal of Korean medical science","epublish","Korea (South)","eng",2020-02-03,2020-02-01
"548","32030925",2,2,2020,31,1,2020,"Journal of Korean medical science","epublish","Korea (South)","eng",2020-02-02,2020-01-31
"549","32027036",5,2,2020,2,2,2020,"Journal of medical virology","ppublish","International","eng",2020-02-05,2020-02-02
"550","32027035",5,2,2020,1,2,2020,"Journal of medical virology","ppublish","International","eng",2020-02-05,2020-02-01
"551","32024089",31,1,2020,27,1,2020,"Journal of clinical medicine","epublish","Switzerland","eng",2020-01-31,2020-01-27
"552","32022276",3,2,2020,30,1,2020,"Journal of medical virology","ppublish","United States","eng",2020-02-03,2020-01-30
"553","32022275",3,2,2020,2,2,2020,"Journal of medical virology","ppublish","United States","eng",2020-02-03,2020-02-02
"554","32017153",3,2,2020,28,1,2020,"Journal of medical virology","ppublish","United States","eng",2020-02-03,2020-01-28
"555","32014114",29,1,2020,26,1,2020,"Lancet (London, England)","ppublish","England","eng",2020-01-29,2020-01-26
"556","32007643",27,1,2020,23,1,2020,"International journal of infectious diseases : IJID : official publication of the International Society for Infectious Diseases","ppublish","Canada","eng",2020-01-27,2020-01-23
"557","32007152",27,1,2020,27,1,2020,"Lancet (London, England)","ppublish","England","eng",2020-01-27,2020-01-27
"558","32007145",27,1,2020,22,1,2020,"Lancet (London, England)","ppublish","England","eng",2020-01-27,2020-01-22
"559","32007143",26,1,2020,21,1,2020,"Lancet (London, England)","ppublish","England","eng",2020-01-26,2020-01-21
"560","32006657",28,1,2020,28,1,2020,"Travel medicine and infectious disease","ppublish","Netherlands","eng",2020-01-28,2020-01-28
"561","32006656",28,1,2020,22,1,2020,"Travel medicine and infectious disease","ppublish","Netherlands","eng",2020-01-28,2020-01-22
"562","32001309",21,1,2020,19,1,2020,"The Journal of infection","ppublish","England","eng",2020-01-21,2020-01-19
"563","31997618",30,1,2020,29,1,2020,"Journal of Korean medical science","epublish","Korea (South)","eng",2020-01-30,2020-01-29
"564","31997390",27,1,2020,24,1,2020,"Journal of medical virology","ppublish","International","eng",2020-01-27,2020-01-24
"565","31994742",27,1,2020,24,1,2020,"Journal of medical virology","ppublish","United States","eng",2020-01-27,2020-01-24
"566","31994738",27,1,2020,25,1,2020,"Journal of medical virology","ppublish","United States","eng",2020-01-27,2020-01-25
"567","31991628",23,1,2020,22,1,2020,"Journal of clinical medicine","epublish","Switzerland","eng",2020-01-23,2020-01-22
"568","31986264",23,1,2020,21,1,2020,"Lancet (London, England)","ppublish","England","eng",2020-01-23,2020-01-21
"569","31986261",21,1,2020,14,1,2020,"Lancet (London, England)","ppublish","England","eng",2020-01-21,2020-01-14
"570","31986259",NA,NA,NA,NA,NA,NA,"Lancet (London, England)","ppublish","England","eng",NA,NA
"571","31986258",23,1,2020,23,1,2020,"Lancet (London, England)","ppublish","England","eng",2020-01-23,2020-01-23
"572","31986257",23,1,2020,22,1,2020,"Lancet (London, England)","ppublish","England","eng",2020-01-23,2020-01-22
"573","31981224",22,1,2020,21,1,2020,"Journal of medical virology","ppublish","International","eng",2020-01-22,2020-01-21
"574","31967327",21,1,2020,20,1,2020,"Journal of medical virology","ppublish","International","eng",2020-01-21,2020-01-20
"575","31967321",21,1,2020,17,1,2020,"Journal of medical virology","ppublish","International","eng",2020-01-21,2020-01-17
"576","31953166",13,1,2019,NA,NA,NA,"International journal of infectious diseases : IJID : official publication of the International Society for Infectious Diseases","ppublish","Canada","eng",2019-01-13,NA
"577","31944312",12,1,2020,23,12,2019,"Journal of medical virology","ppublish","International","eng",2020-01-12,2019-12-23
